date,electricity_gwh,dc_energy_baseline_gwh,dc_energy_gwh,ai_multiplier,coal_pct,gas_pct,nuclear_pct,renewable_pct,carbon_intensity,co2_coal_tons,co2_gas_tons,co2_nuclear_tons,co2_renewable_tons,co2_total_tons,dc_share_pct
2025-09-01,8915.40596933771,2228.8514923344273,2228.8514923344273,1.0,0.316526911066533,61.49967358835716,26.09807920791632,12.085720292659982,0.5729411037794236,7866.229980755333,623685.0586124796,2908.4371394813193,4040.591356534751,638500.317089251,25.0
2025-10-01,7629.814086659497,1907.4535216648742,1950.2851861909016,1.0224548928923012,0.0,51.43250725738145,33.42946790344071,15.138024839177833,0.4759201702842687,0.0,456401.6593169083,3259.849801716232,4428.519838805765,464090.0289574303,25.56137232230753
2025-11-01,7858.757730948572,1964.689432737143,2053.460799854499,1.0451834094682753,0.7097845025747691,56.65817099091633,30.76217411245809,11.869870394050793,0.5380547289542171,16251.28837405387,529371.2657019151,3158.445932911577,3656.147033030516,552437.1470419111,26.12958523670688
2025-12-01,9358.977599785789,2339.744399946447,2499.2780010798506,1.068184200435336,2.0223837756398395,57.58197878563932,29.334334342665347,11.06130309605548,0.5753469895091695,56357.666974201675,654805.8464110574,3665.7328249472334,4146.790723687185,718976.0369338935,26.704605010883398
2026-01-01,10106.201021709352,2526.550255427338,2757.6180579124366,1.0914558505174148,2.296999737190621,57.425998046238114,29.16546621840296,11.111535998168302,0.5800496837814085,70626.8646904113,720533.309887075,4021.3608155651573,4596.20584795395,799777.7412410052,27.28639626293537
2026-02-01,9178.011725890605,2294.502931472651,2558.363609823684,1.114996880035225,0.5702924565066164,57.65126728504051,29.55362193650596,12.22481832194692,0.5439668617642008,16268.02246467084,671092.7144843115,3780.445545042189,4691.329549736225,695832.5120437607,27.874922000880627
2026-03-01,8936.641915207672,2234.160478801918,2544.2747918870054,1.1388057465108272,0.0,58.475782422931054,26.865807956979094,14.65840962008986,0.5392137237303974,0.0,676941.9891531238,3417.6998974309618,5594.25331283229,685953.9423633871,28.47014366277068
2026-04-01,7493.921485621636,1873.480371405409,2178.6344398156198,1.162880846294267,0.0,49.15869011494575,33.17623919527043,17.66507068978381,0.4559612251724685,0.0,487299.60961793235,3613.9448647188506,5772.859707981072,496686.41419063223,29.072021157356676
2026-05-01,8005.8520795031,2001.463019875775,2376.177959632328,1.1872205162100924,0.0,52.25908552397159,30.03285976907795,17.708054706950467,0.4838733806571344,0.0,565004.8368173399,3568.170972400574,6311.6233953928795,574884.6311851334,29.68051290525231
2026-06-01,10081.226737922949,2520.306684480737,3054.1656960767245,1.2118230352215962,0.0,59.28268385482923,25.921342885690297,14.79597325948046,0.5465033493453593,0.0,823819.0842735532,3958.4038118858884,6778.403095376061,834555.8911808152,30.295575880539904
2026-07-01,11272.65423339651,2818.1635583491275,3485.185182802809,1.236686626110665,2.2954609372828187,60.980602286591946,23.565894481778965,13.158042294346274,0.6124162618458753,89201.1868764761,967005.5464506771,4106.575313369526,6878.732105842245,1067192.040746365,30.917165652766627
2026-08-01,10897.59872093134,2724.399680232835,3437.67328163186,1.2618094571711542,1.1104910954521323,62.01878610218991,23.94337934884735,12.927343453510613,0.5954074459294486,42565.18708683368,970061.473939465,4115.475772975429,6665.997478891794,1023408.1342781659,31.545236429278855
2026-09-01,9119.205448387343,2279.801362096836,2934.5367034715246,1.2871896439137571,0.0,62.03883002778242,25.71558319289697,12.245586779320616,0.570798587605906,0.0,828351.2680941628,3773.166136536581,5390.268578919301,837514.7028096188,32.17974109784393
2026-10-01,7833.14120447682,1958.285301119205,2570.8863915413417,1.3128252507803746,0.0,51.95589097847583,32.78013596997999,15.263973051544186,0.48065581341659125,0.0,607755.7535002093,4213.70027390482,5886.291089860307,617855.7448639744,32.82063126950936
2026-11-01,8124.070258370728,2031.017564592682,2718.9522427821944,1.3387142928660378,0.0,57.53837203707624,30.248681873927293,12.21294608899646,0.5302879375514855,0.0,711820.5899179137,4112.236071115986,4980.962573948244,720913.7885629778,33.467857321650946
2026-12-01,9600.506152382686,2400.1265380956715,3275.824076470951,1.364854737646492,0.2049737611559188,59.11378663417287,29.14296560364356,11.53827400102765,0.5488821520054228,7486.756497508919,881090.9630595354,4773.361419209017,5669.603366022778,899020.6843422762,34.121368441162296
2027-01-01,10298.33985234228,2574.58496308557,3581.8771869498987,1.3912445067095849,0.4772155184149593,58.961569525916566,28.94519408006792,11.61602087560054,0.5535715144171813,19059.000272159483,960928.6086019662,5183.906517361627,6241.074026617104,991412.5894181044,34.78111266773962
2027-02-01,9389.415891339037,2347.353972834759,3328.26971919183,1.4178814774886626,0.0,58.462312939549655,28.968752759775235,12.56893430067511,0.5386746033160819,0.0,885331.4737113202,4820.7911306557335,6274.920515317277,896427.1853572931,35.447036937216566
2027-03-01,9159.48942541664,2289.87235635416,3308.323965762759,1.4447634849962274,0.0,58.866023139950094,26.100529588093803,15.033447271956108,0.542800897713942,0.0,886102.8318098414,4317.450377769535,7460.327084676474,897880.6092722875,36.11908712490568
2027-04-01,7718.571421427519,1929.6428553568799,2840.2187874333463,1.471888323556153,0.0,49.65002672547114,32.407134343735294,17.942838930793563,0.460438808315399,0.0,641627.0710952416,4602.167590497671,7644.23823466955,653873.4769204088,36.79720808890383
2027-05-01,8232.369607931689,2058.092401982922,3085.602748499815,1.4992537485328217,0.0,52.70623079380019,29.32494775880473,17.968821447395094,0.48794984143368075,0.0,739968.7322318903,4524.256970209069,8316.69672680771,752809.6859289071,37.48134371332054
2027-06-01,10252.271384686766,2563.0678461716916,3913.439307691064,1.526857478055583,0.0,59.728925807387824,25.208949292253003,15.062124900359183,0.5505727572465622,0.0,1063542.143576616,4932.684653294687,8841.706746362697,1077316.5349762733,38.17143695138957
2027-07-01,11454.87296090242,2863.718240225605,4452.214714595947,1.5546971947370074,0.483977199961062,62.4505971532374,23.266858256430805,13.798567390370748,0.5855593816963464,24025.690084830774,1265097.7774933104,5179.452434584971,9215.127716362866,1303518.0477290892,38.867429868425184
2027-08-01,11113.133765570874,2778.2834413927185,4397.385203319498,1.5827705473834393,0.0,63.07282970600207,23.49523811611508,13.431932177882851,0.5803418537895951,0.0,1261967.6527670212,5165.880622013637,8859.806971651964,1275993.3403606869,39.56926368458598
2027-09-01,9325.374290096626,2331.3435725241566,3755.969702092203,1.6110751526964329,0.0,62.37612591271808,24.985368662515725,12.638505424766208,0.573912834299416,0.0,1065986.9177323617,4692.214384600653,7120.476518272474,1077799.6086352349,40.27687881741082
2027-10-01,8039.274658872146,2009.8186647180364,3295.3159610097746,1.639608596963689,0.0,52.39114040100592,31.9885315914962,15.620328007497871,0.4846443292105529,0.0,785536.3933641718,5270.615936136142,7721.087429897362,798528.0967302053,40.99021492409223
2027-11-01,8334.84739261787,2083.7118481544676,3476.399080801999,1.6683684377381771,0.0,57.92331854738413,29.47038291161112,12.606298541004746,0.5338311266346581,0.0,916208.7996658304,5122.540603240393,6573.678699039671,927905.0189681104,41.70921094345443
2027-12-01,9809.501493693297,2452.375373423324,4162.5447488042055,1.6973522055041754,0.0,59.59963599025632,28.42394130072564,11.976422709018047,0.5487920084541105,0.0,1128791.9907895704,5915.796380082726,7477.859318532376,1142185.6464881853,42.43380513760439
2028-01-01,10503.635128449128,2625.908782112282,4533.782253474482,1.726557405329025,0.0,59.6058452231974,28.300003935805645,12.094150840996964,0.5488714371769761,0.0,1229591.6509070697,6415.302780870681,8224.836968063326,1244231.7906560036,43.16393513322562
2028-02-01,9596.154443337024,2399.038610834256,4212.66746279151,1.7559815184994343,0.0,58.81948060193033,28.193712850112167,12.9868065479575,0.5419726867269644,0.0,1127430.4501007197,5938.536838947721,8206.364608522244,1141575.3515481898,43.89953796248586
2028-03-01,9367.08526350726,2341.771315876815,4181.518390296436,1.7856220041412438,0.0,59.21562000402027,25.378534644567317,15.405845351412417,0.5460217491064651,0.0,1126630.9783802542,5306.040466751674,9662.973848249083,1141599.992695255,44.6405501035311
2028-04-01,7926.302289479185,1981.5755723697962,3597.503489924344,1.8154763008215908,0.0,50.08574892170618,31.61885516189729,18.29539591639652,0.4644308194786349,0.0,819835.6372629715,5687.447089616894,9872.66259881761,835395.746951406,45.38690752053977
2028-05-01,8440.240387977241,2110.0600969943102,3894.2041688762974,1.8455418281324896,0.0,53.10388756251469,28.56163451747776,18.334477920007554,0.49160188364663376,0.0,940928.0804991472,5561.241810394152,10709.730052539577,957199.0523620809,46.13854570331224
2028-06-01,10455.986375409746,2613.9965938524365,4903.3766039922,1.8758159882548808,0.0,60.03977143446878,24.479056185271297,15.481172380259927,0.553454177386271,0.0,1339509.128051701,6001.501569333492,11386.502767760516,1356897.132388795,46.89539970637202
2028-07-01,11659.425065617752,2914.856266404438,5556.5793294667465,1.9062961675022667,0.0,63.04129871018856,22.653530024534657,14.305171265276776,0.5802327226447525,0.0,1593837.5967867647,6293.806833689179,11923.172843567789,1612054.5764640216,47.657404187556665
2028-08-01,11320.181785242416,2830.045446310604,5481.740686678722,1.9369797378430824,0.0,63.34189596117176,22.76941855119872,13.88868548762952,0.5828548007480717,0.0,1579868.5095908528,6240.802404206165,11420.125848303458,1597529.4378433626,48.42449344607706
2028-09-01,9531.720634193323,2382.930158548331,4689.282612687133,1.967864058401032,0.0,62.64526487317269,24.24964272789365,13.10509239893366,0.5764284023383409,0.0,1336614.1485831165,5685.671400389333,9218.022288596689,1351517.8422721026,49.1966014600258
2028-10-01,8245.618351903728,2061.404587975932,4120.637438667264,1.9989464769326373,0.0,52.76470815192164,31.183715513065174,16.0515763350132,0.48809268863429733,0.0,989280.2549227782,6424.839280994275,9921.408959352128,1005626.5031631247,49.97366192331594
2028-11-01,8541.538970139434,2135.3847425348586,4335.310060941175,2.0302243312813237,0.0,58.23075596367428,28.675147850012795,13.094096186312932,0.536695622910331,0.0,1148640.1389441495,6215.782848656808,8515.045040318088,1163370.9668331244,50.755608282033094
2028-12-01,10016.059586963842,2504.0148967409605,5162.514869357331,2.061694950807392,0.0,59.88341357768431,27.62910333287683,12.487483089438852,0.5514482188170465,0.0,1406628.0092531482,7131.782839149342,9670.022569511446,1423429.814661809,51.5423737701848
2029-01-01,10709.916028774129,2677.479007193532,5604.915828331365,2.093355657793299,0.0,59.88407863379778,27.49908877298938,12.616832593212834,0.5514800742228226,0.0,1527185.7519082406,7706.503896420877,10607.442705765852,1545499.6985104273,52.33389144483247
2029-02-01,9802.543467674295,2450.635866918574,5208.100580389839,2.12520376882368,0.0,59.09697305868532,27.402738228877755,13.50028871243694,0.5445728152706553,0.0,1400412.5575723087,7135.810843704454,10546.629221800984,1418094.9976378141,53.13009422059199
2029-03-01,9573.53851202549,2393.3846280063726,5163.096908173394,2.157236596139635,0.0,59.47348055227558,24.637037272962303,15.889482174762106,0.5484392214054327,0.0,1397156.4131878288,6360.170548529217,12305.840443348574,1415822.4241797065,53.93091490349088
2029-04-01,8132.765653860399,2033.1914134650997,4451.573886238025,2.189451448966803,0.0,50.44647227365026,30.80799868775565,18.745529038594093,0.46776735627057114,0.0,1021776.2037492647,6857.20412228342,12517.066132788306,1041150.4740043364,54.73628622417007
2029-05-01,8646.71423396231,2161.6785584905774,4802.916069059423,2.221845634816828,0.0,53.42390865323199,27.78017532602502,18.79591602074299,0.4945743610832365,0.0,1167486.9995086966,6671.292523732683,13541.28106330769,1187699.573095737,55.5461408704207
2029-06-01,10662.148887561503,2665.537221890376,6009.230989803024,2.254416460761831,0.0,60.270050527374494,23.736825113509948,15.993124359115546,0.5556290796181936,0.0,1647903.7820067229,7132.003253581934,14415.956778385615,1669451.7420386905,56.36041151904577
2029-07-01,11865.65029074361,2966.4125726859024,6784.663842319228,2.287161234681572,0.0,63.22949667059029,21.912089048656235,14.858414280753482,0.5820371528914633,0.0,1951908.5032219407,7433.307913904855,15121.401918724172,1974463.2130545697,57.1790308670393
2029-08-01,11526.593993564637,2881.648498391159,6685.64717111221,2.3200772664830027,0.0,63.51757937170572,22.030541351821533,14.45187927647274,0.5845485902006462,0.0,1932185.3680326454,7364.4213233438095,14493.024870300771,1954042.81422629,58.001931662075066
2029-09-01,9738.080276004224,2434.520069001056,5728.8197963993125,2.3531618692919585,0.0,62.81991977192386,23.49820779790862,13.681872430167529,0.5781156524333483,0.0,1637472.1999891438,6730.84990062818,11757.147244463058,1655960.197134235,58.82904673229896
2029-10-01,8451.977795108249,2112.994448777062,5042.4760704762475,2.386412360616793,0.0,53.0564006242417,30.355693912992344,16.58790546276596,0.4908251867107285,0.0,1217287.118926696,7653.393007948269,12546.617453297935,1237487.1293879421,59.66030901541982
2029-11-01,8747.924475351292,2186.981118837823,5292.113911710619,2.4198260634837507,0.0,58.44915455878403,27.860025275073063,13.690820166142906,0.538780555062285,0.0,1407404.1070556066,7371.921366941182,10868.006979595973,1425644.0354021436,60.49565158709377
2029-12-01,10222.43509211065,2555.6087730276627,6269.931349708123,2.453400307543965,0.0,60.07453755208968,26.815430059035805,13.1100323888745,0.553292844446582,0.0,1713817.6797426457,8406.545279152706,12329.850460603964,1734554.0754824025,61.33500768859913
2030-01-01,10916.270767819577,2729.067691954894,6787.552760740969,2.487132430151957,0.0,60.06867422289661,26.67951492214543,13.251810854957949,0.5532684301770612,0.0,1855122.7947783065,9054.430758251903,13492.104803008044,1877669.3303395663,62.178310753798925
2030-02-01,10008.906306904955,2502.226576726239,6308.162687501691,2.521019777415564,0.0,59.28216842700695,26.59293467680497,14.124896896188066,0.5463644952223002,0.0,1701525.1112197342,8387.627913969547,13365.322134801298,1723278.061268505,63.02549443538909
2030-03-01,9779.906162655116,2444.976540663779,6247.061039251511,2.55505970521726,0.0,59.64216074746213,23.880408410230284,16.47743084230759,0.5500749328956207,0.0,1695276.395095221,7459.1184490481855,15440.327436291142,1718175.8409805603,63.8764926304315
2030-04-01,8339.134062326902,2084.7835155817256,5398.024842542165,2.58924958020686,0.0,50.72736928411974,29.974782853663907,19.29784786221634,0.4704058931295209,0.0,1245915.5781458237,8090.2311246942345,15625.539325176453,1269631.3485956944,64.7312395051715
2030-05-01,8853.08342766542,2213.270856916355,5806.708162459528,2.623586780765612,0.0,53.65940935358648,26.97939259440109,19.361198052012416,0.4968069237926809,0.0,1417709.6128023365,7833.072959805449,16863.7240145424,1442406.4097766841,65.5896695191403
2030-06-01,10868.49475747502,2717.123689368755,7222.30142714706,2.6580686979417387,0.0,60.40563060905127,22.97940012078784,16.614969270160888,0.5569736693354936,0.0,1985017.908307385,8298.207714367467,17999.74744078313,2011315.8634625354,66.45171744854346
2030-07-01,12072.00085884298,3018.000214710745,8126.5472564769925,2.692692736357498,0.0,63.31794429057791,21.15826195446283,15.523793754959264,0.5829662573661931,0.0,2341231.0123946336,8597.180781893072,18923.22653242183,2368751.4197089486,67.31731840893745
2030-08-01,11732.958569639575,2933.239642409894,8000.282986356904,2.727456315087854,0.0,63.59260047374199,21.27874151231817,15.12865801393984,0.5853591358664659,0.0,2314852.538308629,8511.797684604273,18155.03179730024,2341519.367790533,68.18640787719636
2030-09-01,9944.440914022587,2486.110228505647,6867.5236655877625,2.7623568685108943,0.0,62.89570052491207,22.732158668463164,14.372140806624762,0.5789357328855337,0.0,1965316.5887744222,7805.6818812783395,14805.15256719827,1987927.4232228987,69.05892171277236
2030-10-01,8658.338418247879,2164.5846045619696,6055.191325225072,2.7973918471301404,0.0,53.2616473562538,29.505125092721613,17.23322755102458,0.49280147171648914,0.0,1467418.0659264717,8932.958875556425,15652.573495889064,1492003.5982979173,69.9347961782535
2030-11-01,8954.287050944236,2238.571762736059,6340.885963232494,2.8325587183689147,0.0,58.57217112239442,27.025030719790387,14.402798157815193,0.5400300997331129,0.0,1689867.5325624929,8568.13189735229,13698.975100524174,1712134.6395603695,70.81396795922286
2030-12-01,10428.796918541802,2607.1992296354506,7477.069261547143,2.8678549673369678,0.0,60.166555040195824,25.983056761762224,13.85038819804194,0.5542690730013708,0.0,2046906.2216522582,9713.855751720348,15534.046778411206,2072154.1241823896,71.6963741834242
2031-01-01,11122.631038543874,2780.6577596359684,8073.0227703879755,2.9032780975695696,0.0,60.15289014405123,25.841332965605947,14.00577689034282,0.5541771666745297,0.0,2209551.2158609526,10430.883472425712,16960.343362906693,2236942.442696285,72.58195243923925
2031-02-01,10215.267184460234,2553.8167961150584,7505.222259189285,2.9388256317393053,0.0,59.36875965112615,25.76448677857996,14.8667535702939,0.5472921875741942,0.0,2027369.6007751124,9668.409983359319,16736.743472647733,2053774.7542311193,73.47064079348263
2031-03-01,9986.267400659675,2496.566850164919,7426.025893447673,2.9744951123408225,0.0,59.71326527865746,23.107990531422864,17.17874418991967,0.550855136345901,0.0,2017616.7563443717,8580.026801594491,19135.46987568858,2045332.253021655,74.36237780852056
2031-04-01,8545.495357105337,2136.3738392763344,6431.092205047422,3.010284102348801,0.0,50.92181573510971,29.11860240018629,19.959581864704003,0.47228825798892815,0.0,1490047.1596962097,9363.22084588566,19254.286701915567,1518664.6672440108,75.25710255872002
2031-05-01,9059.4447812704,2264.8611953176,6899.197945487678,3.046190185849428,0.0,53.80384081126968,26.15908449326032,20.037074695470015,0.4982419822405211,0.0,1688975.2333292835,9023.83509958701,20735.961685885482,1718735.030114756,76.1547546462357
2031-06-01,11074.854363762155,2768.713590940539,8533.759399035309,3.082210968645684,0.0,60.44039011147463,22.207224208270333,17.35238568025504,0.5574339881393227,0.0,2346816.049737966,9475.55541569057,22212.162659184323,2378503.767812841,77.05527421614211
2031-07-01,12278.360817097964,3069.590204274491,9572.038437954643,3.118344078836748,0.0,63.29836471886247,20.391990629713533,16.309644651424005,0.5829472114000471,0.0,2756819.4296762375,9759.645906701442,23417.481826921787,2789996.5574098607,77.9586019709187
2031-08-01,11939.31957731174,2984.829894327935,9415.906081434798,3.154587167371856,0.0,63.55959314306363,20.51426022598263,15.926146630953747,0.5852215676137634,0.0,2723043.776222289,9658.017380898289,22493.865137432953,2755195.6587406206,78.8646791842964
2031-09-01,10150.80162667252,2537.70040666813,8097.644428253559,3.190937908578952,0.0,62.864933876782736,21.95147166248456,15.18359446073269,0.5788211237831912,0.0,2316213.361006355,8887.7606099842,18442.702362872053,2343543.8239792115,79.7734477144738
2031-10-01,8864.69912978316,2216.17478244579,7152.469197298337,3.2273940006684896,0.0,53.37355401026844,28.63150777450504,17.99493821522652,0.49396097373546133,0.0,1736974.789589968,10239.298871467758,19306.236193754154,1766520.32465519,80.68485001671223
2031-11-01,9160.64790874891,2290.1619771872274,7474.981436580262,3.2639531662127323,0.0,58.592715541685614,26.17002608422937,15.237258374085014,0.5403818915499875,0.0,1992806.5475178214,9781.02295872179,17084.733523599392,2019672.3040001425,81.59882915531831
2031-12-01,10635.1577202225,2658.789430055625,8775.635362837986,3.300613152600952,0.0,60.15224694375848,25.13197058940981,14.715782466831698,0.5543133789871926,0.0,2401827.543723836,11027.45049211145,19371.051151163916,2432226.0453671115,82.51532881502382
2032-01-01,11328.991723677716,2832.247930919429,9452.264183999649,3.3373717324708827,0.0,60.12953808781655,24.98459735737449,14.885864554808952,0.5541430157013107,0.0,2586039.2706689956,11808.05073763816,21105.768656893582,2618953.090063527,83.43429331177207
2032-02-01,10421.627915055238,2605.4069787638095,8791.23380283723,3.3742267041168432,0.0,59.34960237220373,24.91739618178721,15.733001446009052,0.5472930216390353,0.0,2373990.849045571,10952.732779600754,20746.874119836266,2405690.455945008,84.35566760292107
2032-03-01,10192.628158257989,2548.157039564497,8692.211862073746,3.411175891874907,0.0,59.680001175885714,22.320002303234425,17.99999652087986,0.5507200098871474,0.0,2360318.0243807207,9700.509439084379,23468.967491411713,2393487.5013112165,85.27939729687267
2032-04-01,8751.8561189569,2187.964029739225,7544.575083240411,3.448217146485548,0.0,51.02341428789102,28.239231220236928,20.737354491872047,0.4733581994893936,0.0,1751522.409447153,10652.650011703212,23468.17919875522,1785643.2386576114,86.2054286621387
2032-05-01,9265.805547528991,2316.451386882248,8073.6400085487,3.485348345434157,0.0,53.85057951069262,25.319220428263662,20.830200061043712,0.4988212556084423,0.0,1978204.379155827,10220.913551744652,25226.330489837415,2013651.6231974089,87.13370863585392
2032-06-01,11281.214999119224,2820.303749779806,9934.71002809104,3.522567393269852,0.0,60.36717339037144,21.420514882648718,18.21231172697985,0.556947022858739,0.0,2728773.1509621935,10640.330200576178,27140.105392312013,2766553.586555082,88.0641848317463
2032-07-01,12484.721478822948,3121.180369705737,11111.003297664403,3.5598722219030043,0.0,63.1636688242701,19.613811923460453,17.222519252269443,0.5819175232688847,0.0,3193243.383325665,10896.456448066925,28703.920230908167,3232843.76000464,88.99680554757511
2032-08-01,12145.680317654542,3036.4200794136354,10922.794896321233,3.597260790881919,0.0,63.41135966081667,19.73757124094645,16.851069098236874,0.5840724507669973,0.0,3151463.2043074113,10779.472120819331,27609.115731566726,3189851.792159797,89.93151977204798
2032-09-01,10357.162344913524,2589.290586228381,9411.374988721389,3.634731087649073,0.0,62.72055410807733,21.15653160445016,16.122914287472515,0.5777095698301906,0.0,2685804.2766623506,9955.602619510792,22760.818840562635,2718520.698122424,90.86827719122682
2032-10-01,9071.05984794066,2267.764961985165,8327.870472132898,3.672281127777375,0.0,53.38562355873577,27.73479077744387,18.87958566382037,0.49424652916138606,0.0,2022877.939223951,11548.58725831293,23584.011596374985,2058010.5380786387,91.80702819443438
2032-11-01,9367.008637864285,2341.752159466071,8687.687307231343,3.7099089551868594,0.0,58.503947932807584,25.295189944874075,16.200862122318334,0.539775703819732,0.0,2312601.2267484297,10987.83503090442,21112.203633940502,2344701.2654132745,92.74772387967147
2032-12-01,10841.518445133306,2710.3796112833265,10157.452896792103,3.747612642342263,0.0,60.02469165823053,24.262479827790564,15.712828513978902,0.5533647906268705,0.0,2774125.8006414063,12322.249800507563,23940.347325916882,2810388.3977678306,93.69031605855658
2033-01-01,11535.352439857334,2883.8381099643334,10916.452780636531,3.785390290431921,0.0,59.99170724061518,24.109670766423605,15.898621992961225,0.5531050895641288,0.0,2979779.708914856,13159.604123917814,26033.483439502605,3018972.7964782766,94.63475726079803
2033-02-01,10627.988634640613,2656.997158660153,10158.337895332763,3.823240029528417,0.0,59.21787269936322,24.051993273499765,16.730134027137023,0.5463068810996964,0.0,2737075.9794693445,12216.41373642407,25492.553172279324,2774784.9463780476,95.5810007382104
2033-03-01,10398.988879866334,2599.7472199665835,10038.040024543167,3.8611600187314337,0.0,59.53553549898785,21.5168179244108,18.947646576601358,0.5496093488062109,0.0,2719171.4014076,10799.333976302172,28529.58520602341,2758500.3205899256,96.52900046828584
2033-04-01,8958.216840883884,2239.554210220971,8732.354319172578,3.8991484462932378,0.0,51.0258552111546,27.33670560023136,21.63743918861404,0.4735601847381143,0.0,2027370.1044988325,11935.689961006477,28341.867833179167,2067647.662293018,97.47871115733095
2033-05-01,9472.166269786132,2368.041567446533,9323.4616178913,3.9372035297272334,0.0,53.793176978253776,24.460048283740417,21.74677473800581,0.49848794775188515,0.0,2282000.7249183827,11402.61606726109,30413.282937408792,2323816.6239230526,98.43008824318083
2033-06-01,11487.575711569789,2871.893927892447,11416.707466721393,3.975323515900045,0.0,60.17922107931736,20.619804026902237,19.20097489378041,0.5554531846926124,0.0,3126070.9600016256,11770.51352981333,32881.787015722926,3170723.260547162,99.38308789750113
2033-07-01,12691.082193248878,3172.7705483122195,12733.935793272252,4.013506681107517,0.0,62.90694072992699,18.82446843950098,18.268590830572023,0.5798161847354573,0.0,3644790.896137634,11985.478622554268,34894.659400509954,3691671.0341606983,100.33766702768791
2033-08-01,12352.04103797018,3088.010259492545,12511.849679457842,4.051751331135125,0.0,63.14102417201608,18.949403485271056,17.909572342712863,0.5818511320166874,0.0,3594550.063865121,11854.604396155297,33612.281546309845,3640016.949807586,101.29378327837813
2033-09-01,10563.523063573391,2640.880765893348,10801.349697092091,4.090055801303187,0.0,62.45574470091514,20.347964659744072,17.196290639340788,0.5755409604361044,0.0,3069458.842936353,10989.274095698358,27861.472303252674,3108309.5893353038,102.25139503257967
2033-10-01,9277.420566594272,2319.355141648568,9575.26857395387,4.128418456497306,0.0,53.29153534965735,26.81520843688836,19.8932562134543,0.493602469389607,0.0,2321777.474795533,12838.141132487992,28572.490658145227,2363188.106586166,103.21046141243264
2033-11-01,9573.369357338812,2393.342339334703,9972.669067447505,4.166837691184492,0.0,58.29932340704115,24.401002366254275,17.29967422670457,0.5381538455087114,0.0,2645369.3593350546,12167.156075632869,25878.588905636323,2683415.1043163235,104.1709422796123
2033-12-01,11047.879164292848,2761.969791073212,11614.944511085072,4.205311929415376,0.0,59.7773109075254,23.375196440140083,16.84749265233453,0.5513652966981955,0.0,3159111.1789181847,13575.080479397018,29352.403846166853,3202038.6632437487,105.1327982353844
2034-01-01,11741.713158362772,2935.428289590693,12457.48689116179,4.243839624812917,0.0,59.73286256413767,23.2172284532213,17.04990898264104,0.5510057448737673,0.0,3385752.1532576284,14461.415955255645,31859.852647012856,3432073.421859897,106.09599062032294
2034-02-01,10834.349353401192,2708.587338350298,11599.306586627894,4.28241926054805,0.0,58.96710044658591,23.16891337912012,17.86398617429397,0.544276701254132,0.0,3112097.5185501683,13437.166478171957,31081.477874237644,3156616.162902578,107.06048151370125
2034-03-01,10605.349598778468,2651.337399694617,11456.559745732218,4.321049349302655,0.0,59.27341824764986,20.69910426789196,20.02747748445819,0.5474662597257404,0.0,3089766.031570286,11857.02623641225,34416.8988535503,3136039.9566602483,108.02623373256637
2034-04-01,9164.577559819889,2291.144389954972,9988.767341499813,4.359728433220275,0.0,50.923104197613455,26.41139515293855,22.665500649448,0.47284103790841076,0.0,2314398.632622956,13190.864067355953,33960.06189989235,2361549.5585902045,108.99321083050688
2034-05-01,9678.526988746871,2419.631747186718,10642.641559446118,4.398455083844975,0.0,53.625504076766326,23.582128004327625,22.79236791890605,0.4971880102746782,0.0,2596762.433418064,12548.806777951768,36385.65030779038,2645696.890503806,109.96137709612437
2034-06-01,11693.936429795858,2923.4841074489646,12972.165252768604,4.437227902048741,0.0,59.87017271497904,19.80590176553383,20.323925519487133,0.5528963395387089,0.0,3533738.272475803,12846.271534130314,39546.79806356221,3586131.3420734955,110.93069755121851
2034-07-01,12897.442911622938,3224.3607279057346,14432.3853843894,4.476045517947809,0.0,62.52180222371288,18.024992645985694,19.45320513030142,0.5765868610394762,0.0,4105641.288017353,13007.182020882517,42113.42301031366,4160761.8930485495,111.90113794869522
2034-08-01,12558.40175678547,3139.6004391963675,14175.002715432376,4.51490659080832,0.0,62.74223367447268,18.15077011419425,19.10699621133308,0.5785015023125207,0.0,4046639.5638211407,12864.360782794613,40626.258476910385,4100130.1830808455,112.872664770208
2034-09-01,10769.88378226464,2692.47094556616,12261.000602209644,4.553809808941674,0.0,62.06420752890113,19.526697323228028,18.409095147870847,0.5722596867896843,0.0,3462410.2507882207,11970.842381963215,33857.089004126865,3508238.1821743106,113.84524522354185
2034-10-01,9483.78128528505,2370.9453213212623,10889.168346503322,4.59275388958995,0.0,53.08536564616049,25.873357597195223,21.041276756644297,0.4919765461667733,0.0,2630152.448818102,14086.967328256975,34368.30072427008,2678607.716870629,114.81884723974875
2034-11-01,9779.73007609109,2444.9325190227723,11324.285825992327,4.631737578801802,0.0,57.972797897123385,23.488294573292755,18.538907529583856,0.5354629625800272,0.0,2987077.42751378,13299.40806565358,31490.98316499733,3031867.818744431,115.79343947004506
2034-12-01,11254.239883021528,2813.559970755382,13141.462387914607,4.670759651299133,0.0,59.40408574362548,22.471082760629628,18.12483149574489,0.5482617379917784,0.0,3551987.3411218044,14765.14444572653,35728.01870829323,3602480.5042758244,116.76899128247832
2035-01-01,11948.07387704245,2987.0184692606126,14068.316072043457,4.709818910334973,0.0,59.34705750711794,22.308301254613117,18.344641238268952,0.5477924458117153,0.0,3798854.89144923,15692.011654013048,38711.73167523154,3853258.634778474,117.74547275837432
2035-02-01,11040.710072099986,2760.1775180249965,13107.846175485733,4.748914187542856,0.0,58.59138667418762,22.26914385910579,19.139469466706583,0.5411503739610299,0.0,3494431.3209881345,14595.025608246071,37631.58324749937,3546657.9298438802,118.7228546885714
2035-03-01,10811.710317488614,2702.9275793721536,12941.73710535171,4.788044342778088,0.0,58.88774127863135,19.86783984464073,21.244418876727917,0.5442385552830278,0.0,3467598.9819198684,12856.218006028608,41240.95260878759,3521696.1525346846,119.7011085694522
2035-04-01,9370.938278531825,2342.734569632956,11308.867674776411,4.82720826395122,0.0,50.70956894761694,25.464047255526395,23.826383796856675,0.4711513972879237,0.0,2609278.513084656,14398.477043850071,40417.41322906334,2664094.403357569,120.68020659878049
2035-05-01,9884.88770746066,2471.221926865165,12025.966411973117,4.866404866854063,0.0,53.341935639862335,22.686372843975374,23.971691516162288,0.4948717590619935,0.0,2918771.884913504,13641.277891557345,43242.413551732294,2975655.5763567938,121.66012167135159
2035-06-01,11900.297148454609,2975.074287113652,14594.622882884574,4.905633094978592,0.0,59.43429535492811,18.979935622858125,21.58576902221377,0.5492258119987958,0.0,3946766.127918952,13850.250137852063,47255.42377743931,4007871.8018342433,122.6408273744648
2035-07-01,13103.803630292776,3275.950907573194,16199.223170977288,4.94489191932903,0.0,62.00260896404581,17.216722886146233,20.780668149807948,0.572179614306374,0.0,4569993.154050939,13944.876815277752,50494.6021501138,4634432.633016331,123.62229798322575
2035-08-01,12764.762475488362,3191.1906188720905,15905.469538118208,4.984180338227465,0.0,62.2093773921624,17.34299254204947,20.44763006578813,0.5739739225426194,0.0,4502085.57478834,13792.421978868953,48784.373570715456,4564662.370337924,124.60450845568663
2035-09-01,10976.24450095824,2744.06112523956,13784.783865279414,5.0234973771132685,0.0,61.540369040203935,18.693980972388783,19.765649987407294,0.5678164513593169,0.0,3859859.1222497853,12884.624364301264,40869.78195497584,3913613.5285690622,125.58743442783171
2035-10-01,9690.142003978615,2422.535500994654,12264.914694925455,5.062842088336654,0.0,52.761769834737926,24.91023933885627,22.327990826405813,0.4893215266779225,0.0,2944389.6581024006,15276.098026062422,41077.635419241815,3000743.3915477046,126.57105220841636
2035-11-01,9986.090794789265,2496.522698697316,12737.791943539358,5.102213550946654,0.0,57.51903500878805,22.558286132958607,19.922678858253335,0.5316558508507432,0.0,3333628.028344699,14367.13776822279,38065.640738157184,3386060.806851079,127.55533877366636
2035-12-01,11460.600601717932,2865.150150429483,14731.48715898787,5.141610870473799,0.0,58.89977168846025,21.5514850375752,19.54874327396457,0.5440076938509352,0.0,3947949.5978462063,15874.271254407915,43197.309077213926,4007021.178177828,128.54027176184496
2036-01-01,12154.434595735183,3038.608648933796,15743.13222723448,5.181033178707801,0.0,58.829152987308085,21.384308421673275,19.786538591018648,0.5434196846039765,0.0,4214005.8610440595,16832.799753518313,46725.31400365266,4277563.974801231,129.52582946769502
2036-02-01,11247.070790794149,2811.767697698537,14678.77599988547,5.220479633470507,0.0,58.08561768553812,21.354056923376465,20.560325391085417,0.5368826242480601,0.0,3879447.25723555,15672.570913352332,45270.06163507507,3940389.8897839775,130.5119908367627
2036-03-01,11018.071036183628,2754.517759045907,14488.624084622985,5.259949418384387,0.0,58.373356887347136,19.02434536325416,22.602297749398705,0.5398806715360039,0.0,3848160.7914673137,13781.829421211489,49121.42933096369,3911064.050219489,131.4987354596097
2036-04-01,9577.29899722697,2394.3247493067424,12688.584521904635,5.299441742636839,0.0,50.3802903953609,24.4958315461492,25.123878058489897,0.4684473891699461,0.0,2908608.306784349,15540.871450382603,47817.96753947615,2971967.145774208,132.48604356592097
2036-05-01,10091.248426155944,2522.812106538986,13469.182431297286,5.338955840740549,0.0,52.9375508200179,21.77408522538088,25.288363954601216,0.49149563017108133,0.0,3244266.15904706,14663.956308763496,51092.03812403494,3310022.153479859,133.47389601851373
2036-06-01,12106.65786714577,3026.6644667864425,16278.88751076231,5.378490972290166,0.0,58.86670158347641,18.14337414211672,22.989924274406874,0.5443982991061691,0.0,4360194.080091968,14767.697336259585,56137.558671602004,4431099.3360998295,134.46227430725415
2036-07-01,13310.164348984768,3327.541087246192,18028.77208086569,5.418046421715546,0.0,61.34468947419292,16.40132203254907,22.25398849325801,0.5665530029663878,0.0,5032160.883302756,14784.784837485398,60181.81296527344,5107127.481105515,135.45116054288866
2036-08-01,12971.12319418283,3242.7807985457075,17697.870199547746,5.45762149803179,0.0,61.53782269149721,16.52771867331945,21.934458635183347,0.5682272959505116,0.0,4955352.212523902,14625.27098875245,58228.98027342361,5028206.463786078,136.44053745079475
2036-09-01,11182.605219652012,2795.651304913003,15368.297782654226,5.497215534586302,0.0,60.879614389274685,17.851414838057224,21.268970772668087,0.5621703236580058,0.0,4257052.994865282,13717.292953647777,49030.18145473987,4319800.46927367,137.43038836465755
2036-10-01,9896.502722672389,2474.125680668097,13698.808069127148,5.53682788880313,0.0,52.31618913074672,23.927300096994088,23.756510772259197,0.4855970043311724,0.0,3260845.9238366615,16388.77458205647,48815.38221919954,3326050.0806379174,138.42069722007827
2036-11-01,10192.451513483376,2548.112878370844,14209.444297511849,5.576457941924758,0.0,56.933630511405966,21.612617235746686,21.453752252847355,0.5266934250532231,0.0,3680928.3939015954,15355.164036739352,45726.884641418066,3742010.4425797528,139.41144854811895
2036-12-01,11666.961320411914,2916.7403301029785,16380.720239625807,5.616105098751615,0.0,58.26013044810951,20.61816141529385,21.12170813659663,0.5385655156603049,0.0,4342260.185875372,16887.016699968794,51898.31879529263,4411045.5213706335,140.40262746879037
2037-01-01,12360.795314428891,3090.198828607223,17477.450081633306,5.655768787379461,0.0,58.17505087253442,20.447083986242607,21.37786514122297,0.5378510308810543,0.0,4626219.541676452,17868.144484225944,56044.58562864197,4700132.27178932,141.39421968448653
2037-02-01,11453.431509487966,2863.3578773719914,16308.107210057402,5.695448458934895,0.0,57.44569509472343,20.425436805174936,22.12886810010164,0.5314370294725312,0.0,4262579.022342633,16655.010661552256,54131.99301205152,4333366.026016237,142.38621147337238
2037-03-01,11224.431754877509,2806.107938719377,16093.431950043738,5.735143587309151,0.0,57.72610436382628,18.170305767181265,24.103589868992444,0.534355657248235,0.0,4227000.652057643,14621.12896878095,58186.42249625903,4299808.203522683,143.37858968272877
2037-04-01,9783.65971592086,2445.914928980215,14124.800801415171,5.7748536688903895,0.0,49.93114681006946,23.508377678844408,26.560475511086143,0.4646924163928423,0.0,3208967.1362769366,16602.557593905603,56274.21386774362,3281843.907738586,144.37134172225973
2037-05-01,10297.609144849846,2574.4022862124616,14969.063468836557,5.814578222294657,0.0,52.40834659364755,20.84698603325267,26.74466737309979,0.4870240528174479,0.0,3569492.5923797796,15602.992853285423,60051.393504127955,3645146.9787371927,145.36445555736643
2037-06-01,12313.018585839363,3078.254646459841,18021.07785480347,5.854316788095709,0.0,58.16358267019519,17.29804468103914,24.538372648765662,0.5383799185615099,0.0,4769175.554843179,15586.470496643768,66331.1885900379,4851093.21392986,146.35791970239273
2037-07-01,13516.525067678424,3379.131266919606,19916.83260585566,5.8940689285538514,0.0,60.54458877897273,15.580786846680306,23.874624374346958,0.559676223885624,0.0,5486646.801550309,15515.996174642465,71326.03457873246,5573488.832303684,147.3517232138463
2037-08-01,13177.483912876673,3294.370978219168,19548.25126812555,5.933834227343975,0.0,60.72415907883879,15.706933007831154,23.568907913330044,0.5612312132922151,0.0,5401082.594720394,15352.15365443492,69109.64010076325,5485544.388475592,148.34585568359935
2037-09-01,11388.9659383458,2847.24148458645,17008.316722881904,5.973612289282969,0.0,60.07852829357261,17.000960346634454,22.92051135979294,0.5552908569141122,0.0,4649347.600450756,14457.885908435745,58475.89749866564,4722281.383857857,149.34030723207422
2037-10-01,10102.863441366171,2525.715860341543,15188.146675182295,6.01340274005662,0.0,51.745065990671065,22.926464049889265,25.328469959439666,0.4807712879079276,0.0,3575898.0165240117,17410.524936650603,57703.87752028772,3651012.41898095,150.3350685014155
2037-11-01,10398.81223217719,2599.7030580442974,15736.53613686206,6.053205225946201,0.0,56.21334371039767,20.653371835434545,23.13328445416779,0.5205467502844126,0.0,4024945.0817599692,16250.626611818241,54605.66501659811,4095801.3733883854,151.33013064865503
2037-12-01,11873.32203910572,2968.33050977643,18086.095421915,6.093019413554866,0.0,57.48216654757358,19.67330019800993,22.844533254416508,0.5319084055790455,0.0,4730307.169032109,17790.659232259346,61975.261246273105,4810073.089510642,152.32548533887166
2038-01-01,12567.156033122674,3141.7890082806684,19268.10497760712,6.132844989534009,0.0,57.381931189637655,19.498893014596536,23.1191757957658,0.5310612158658921,0.0,5030666.886607938,18785.33587761881,66819.40593428534,5116271.628419843,153.32112473835022
2038-02-01,11659.792228181755,2914.948057045439,17993.04641247979,6.172681660309705,0.0,56.6687698680025,19.485496996263176,23.845733135734328,0.5247880754391694,0.0,4639379.318997629,17530.172591199946,64358.607457631246,4721268.09904646,154.31704150774263
2038-03-01,11430.792473571302,2857.6981183928256,17753.53286758626,6.2125291518093855,0.0,56.94304273591065,17.30778371828085,25.749173545808503,0.5276372193323576,0.0,4599777.822605232,15363.715355378667,68570.81982880406,4683712.357789414,155.31322879523464
2038-04-01,9990.020434614657,2497.505108653664,15615.368996230023,6.252387209188868,0.0,49.359064705059886,22.503803703617532,28.13713159132259,0.45985900866380347,0.0,3506958.039486282,17570.25993253578,65905.75384409746,3590434.053262915,156.3096802297217
2038-05-01,10503.969863543642,2625.9924658859104,16523.41578999463,6.292255596559853,0.0,51.75145627780592,19.90723430253417,28.34130941965992,0.48143136838418527,0.0,3890754.275662414,16446.775480480792,70244.28593608983,3977445.3370789844,157.30638991399633
2038-06-01,12519.379304533137,3129.844826133284,19818.597140995076,6.332134096718028,0.0,57.322443268628206,16.44614140273546,26.231415328636334,0.531148272483381,0.0,5169029.366767118,16296.972549232685,77980.47792545496,5263306.817241806,158.3033524179507
2038-07-01,13722.8857863722,3430.72144659305,21860.634286221815,6.372022510871868,0.0,59.60031054348101,14.7574472412002,25.642242215318788,0.5515312433343929,0.0,5928197.694220113,16130.357856904533,84083.35190217034,6028411.403979187,159.3005627717967
2038-08-01,13383.844631570464,3345.961157892616,21454.03747040281,6.411920658372254,0.0,59.76643996201466,14.88295650094912,25.350603537036225,0.5529680803655392,0.0,5834153.063000273,15964.975322086877,81580.91972713517,5931698.958049496,160.29801645930635
2038-09-01,11595.326657039586,2898.8316642598966,18702.764390003547,6.451828376443021,0.0,59.135134302049295,16.144945119466943,24.71992057848376,0.5471601928341405,0.0,5032256.702302125,15097.755232946396,69349.62754784728,5116704.085082918,161.2957094110755
2038-10-01,10309.22416005996,2577.30604001499,16731.21493871078,6.4917455199125165,0.0,51.04606095567989,21.91015420175714,27.043784842562967,0.47482330556963165,0.0,3885984.9101892565,18329.174964494792,67871.30654357544,3972185.391697327,162.2936379978129
2038-11-01,10605.172950870978,2651.2932377177444,17317.37770104748,6.531671960946284,0.0,55.35632613808408,19.68308888321129,24.96058497870465,0.5131990522384976,0.0,4361750.1558338385,17042.97422569294,64837.78165729809,4443630.91171683,163.2917990236571
2038-12-01,12079.682757799506,3019.9206894498766,19845.73372030543,6.5716075887809575,0.0,56.56435864082737,18.719525778452027,24.716115580720597,0.5240224508835906,0.0,5107653.458388016,18575.136198477612,73576.41726229097,5199805.011848784,164.29018971952394
